openbeta_prefix,existing_area_id,expected_old_parent_id,expected_planned_area_path,minimum_exact_route_overlaps,preserve_existing_parent,evidence,confidence,source_url
"United States > Washington > Central Region > Frenchman Coulee, AKA Vantage",4516,109,"North America > United States > Washington > Central Region > Frenchman Coulee, AKA Vantage",100,,"At least 137 unique original Vantage climbs have exact source names, types, and grades within one ordinal; Mountain Project treats Frenchman Coulee and Vantage as the same climbing area.",high,https://www.mountainproject.com/area/105792231/frenchman-coulee-vantage
United States > California > Lake Tahoe,4028,98,North America > United States > California > Lake Tahoe,180,,"At least 212 unique original Tahoe climbs have exact source names, types, and near grades; both names identify the Lake Tahoe region.",high,https://www.mountainproject.com/area/105798291/lake-tahoe
United States > California > Joshua Tree National Park,4032,98,North America > United States > California > Joshua Tree National Park,400,,"At least 498 unique original Joshua Tree climbs have exact source names, types, and near grades; both names identify the national park.",high,https://www.mountainproject.com/area/105720495/joshua-tree-national-park
United States > Alabama > Horse Pens 40,3966,94,North America > United States > Alabama > Horse Pens 40,150,,"At least 178 unique original hp 40 climbs have exact source names, types, and near grades; Horse Pens 40 is the same place.",high,https://www.mountainproject.com/area/105891750/horse-pens-40
United States > Nevada > Southern Nevada > Mount Charleston,4180,100,North America > United States > Nevada > Southern Nevada > Mount Charleston,65,,"At least 80 unique original Mt Charleston climbs have exact source names, types, and near grades; source Mount Charleston is the same mountain.",high,https://www.mountainproject.com/area/105732969/mount-charleston
United States > Utah > Southwest Utah > Saint George,4252,104,North America > United States > Utah > Southwest Utah > Saint George,150,,"At least 191 unique original St. George climbs have exact source names, types, and near grades; source Saint George is the same city region.",high,https://www.mountainproject.com/area/105716826/saint-george
Canada > British Columbia > Kootenays West,3622,84,North America > Canada > British Columbia > Kootenays West,400,,"At least 470 unique original West Kootenay climbs have exact source names, types, and near grades; source Kootenays West is the same geographic region.",high,https://www.mountainproject.com/area/105958798/kootenays-west
United States > Colorado > Boulder > Eldorado Canyon State Park,4423,108,North America > United States > Colorado > Boulder > Eldorado Canyon State Park,30,,"At least 40 unique original Eldorado Canyon climbs have exact source names, types, and near grades; source Eldorado Canyon State Park is the same canyon.",high,https://www.mountainproject.com/area/105744246/eldorado-canyon-state-park
United States > Colorado > Alpine Rock > RMNP - Rock,4410,108,North America > United States > Colorado > Alpine Rock > RMNP - Rock,70,True,"At least 81 original RMNP climbs have unique source name, type, and near-grade support. Alpine Rock and - Rock are activity headings; retain original RMNP geographic parent.",high,https://www.mountainproject.com/area/105744460/rmnp-rock
United States > Utah > Southwest Utah > Zion National Park,4260,104,North America > United States > Utah > Southwest Utah > Zion National Park,8,,Original Zion and Zion National Park are the same park; 11 original routes have unique source support and Mountain Project confirms the park hierarchy.,high,https://www.mountainproject.com/area/105716799/zion-national-park
Canada > Quebec > Cantons-de-l'est > Mount Orford (Pic aux Corbeaux),3774,86,North America > Canada > Québec > Cantons-de-l'est > Mount Orford (Pic aux Corbeaux),35,,Original Orford is Mount Orford Pic aux Corbeaux; 43 unique original routes corroborate the source area.,high,https://www.mountainproject.com/area/109701709/mount-orford-pic-aux-corbeaux
United States > Washington > Northeast Corner & Spokane > Spokane Area > McLellan Rocks,4542,4572,North America > United States > Washington > Northeast Corner & Spokane > Spokane > McLellan Rocks,2,,"Original Mcclellan Rocks and source McLellan Rocks are the same Spokane crag; Voodoo Magic and Ferocious Fred match source names, types, and near grades.",high,https://www.mountainproject.com/area/105794255/mclellan-rocks
"United States > Washington > Northwest Region > San Juan, Fidalgo & Whidbey Islands > Mount Erie",4546,25907,"North America > United States > Washington > Northwest Region > San Juan, Fidalgo & Whidbey Islands > Mount Erie",3,,Original mt. erie and source Mount Erie are the same Fidalgo Island area; four original routes have unique source identity support.,high,https://www.mountainproject.com/area/106413714/mount-erie
United States > Washington > Okanogan > McLoughlin Canyon (Tonasket),4540,109,North America > United States > Washington > Okanogan > McLoughlin Canyon (Tonasket),2,,"Original McLoughlin Canyon and source McLoughlin Canyon Tonasket are the same crag; Climate Change, Firing Line, and Bullet Proof match.",high,https://www.mountainproject.com/area/105708966/washington
Canada > British Columbia > Squamish > Stawamus Chief,5970,3611,North America > Canada > British Columbia > Squamish > Stawamus Chief,80,,"Original The Chief is Stawamus Chief; 100 original routes have unique source name, type, and near-grade support. Mountain Project lists the same Chief climbing area.",high,https://www.mountainproject.com/area/105805895/stawamus-chief
United States > Kentucky > Red River Gorge > Pendergrass-Murray Recreational Preserve (PMRP),7731,4795,North America > United States > Kentucky > Red River Gorge > Pendergrass-Murray Recreational Preserve (PMRP),200,,"Original PMRP is Pendergrass-Murray Recreational Preserve; 247 original routes have unique source name, type, and near-grade support.",high,https://www.mountainproject.com/area/106585368/pmrp-pendergrass-murray-recreational-preserve
United States > Texas > Austin Area > Reimer's Ranch North Shore,7596,4592,North America > United States > Texas > Austin Area > Reimer's Ranch North Shore,6,,"Seven original North Shore routes have unique source name, type, and near-grade support. Mountain Project lists North Shore and Reimers Ranch Proper as Austin Area siblings; source North Shore crags should fold into original ID7596.",high,https://www.mountainproject.com/area/107788017/reimers-ranch-north-shore
United States > Kentucky > Red River Gorge > Miller Fork Recreational Preserve (MFRP),7732,4795,North America > United States > Kentucky > Red River Gorge > Miller Fork Recreational Preserve (MFRP),90,,"Original MFRP and source Miller Fork Recreational Preserve are the same climber-owned area; at least 104 unique original routes match source name, type, and near grade.",high,https://www.mountainproject.com/area/110230324/mfrp-miller-fork-recreational-preserve
Canada > Alberta > Bow Valley > Cougar Canyon (Creek) - CONSTRUCTION IN PROGRESS,6525,3750,North America > Canada > Alberta > Bow Valley > Cougar Canyon (Creek) - CONSTRUCTION IN PROGRESS,180,,"The source construction label describes original Cougar Canyon; at least 209 unique original routes match source name, type, and near grade. Fold the temporary node into the geographic area.",high,https://www.mountainproject.com/area/107761132/cougar-canyon-creek
