openbeta_id,candidate_id,verdict,reason,name_similarity,area_similarity
017414e8-7a95-536d-adfb-e41a334b1ffa,55628,uncertain,broad_fuzzy_audit,0.917,0.69
01a47de3-c1e4-52c6-91a3-ec2dc2d3aafa,99985,uncertain,broad_fuzzy_audit,0.974,0.667
0200fc42-200a-5550-af7e-0e38a029a6ac,140006,uncertain,previously_reviewed,,
02c59d34-1b39-4434-9a20-6ecdf0cc6dc5,38407,likely_same,broad_fuzzy_audit,0.955,1.15
039a8868-5a61-448c-9b87-846fe636678b,74,likely_same,canada_boulder_audit_20260924,,
043af051-d5df-4cdc-a98e-e3f8ac698b7b,31232,uncertain,broad_fuzzy_audit,0.889,0.75
04b428d4-f317-4b5b-9b72-e7b5297aa655,22483,likely_same,broad_fuzzy_audit,0.968,0.865
04ea4af6-78ae-5e83-b4e7-ccf31710751c,29523,uncertain,broad_fuzzy_audit,0.929,0.667
0522cb42-fb0b-497e-8098-9370a75efdb9,122300,likely_same,anchored_sample_20260922,,
05c4fee7-a454-42a8-b6af-0b987368cb80,122789,uncertain,broad_fuzzy_audit,0.952,0.143
05ee10ce-d8be-4058-8fa3-4e9ab590ba1d,115670,uncertain,broad_fuzzy_audit,0.96,0
0790fc0d-5bd9-5988-9e2a-1e4c64247590,13711,uncertain,broad_fuzzy_audit,0.875,0.714
0790fc0d-5bd9-5988-9e2a-1e4c64247590,139160,uncertain,broad_fuzzy_audit,0.889,0.714
0790fc0d-5bd9-5988-9e2a-1e4c64247590,48906,uncertain,broad_fuzzy_audit,0.889,0.714
0988490c-ee3d-4953-961d-18c541b3d7e4,87027,likely_same,canada_boulder_audit_20260924,,
0b2eaede-f032-4067-9c84-b99255b85ecc,32122,likely_same,broad_fuzzy_audit,0.923,0.75
0ba126f1-3920-5cd7-99e1-05eb7aeb3abb,29241,uncertain,broad_fuzzy_audit,0.923,0.7
0c59af2f-3710-4020-86a2-ce7bb97c2b83,15801,likely_same,broad_fuzzy_audit,0.97,1.15
0d459cfc-9789-5b42-a833-049a01f3c0a1,135720,uncertain,broad_fuzzy_audit,0.96,0.343
0e00c358-7279-4f4e-af23-f9ccb7667991,32052,uncertain,broad_fuzzy_audit,0.889,0.75
0e0b04e0-6da5-54db-8a2e-66c3ad0622c1,73826,uncertain,broad_fuzzy_audit,0.966,0.556
0e3c0ca2-9bb5-5a77-8711-3dafbc196d2a,59131,uncertain,broad_fuzzy_audit,0.933,0.775
0ea0d242-6da4-5fd7-b950-f337d770c16d,89580,uncertain,broad_fuzzy_audit,0.923,0.667
0ef76056-4fd1-5c4c-b2df-1a25fb0672ad,11431,uncertain,broad_fuzzy_audit,0.938,0.667
0f60ddec-7085-5178-b23e-81d186764890,119806,uncertain,broad_fuzzy_audit,0.95,0.619
0f7eb7df-80a2-5616-a512-94b582e51d12,130069,likely_same,broad_fuzzy_audit,0.933,0.905
103848b6-ee4f-4c9d-aa8e-2c18dc903a00,36405,uncertain,broad_fuzzy_audit,0.981,0.69
10b5272a-7fe4-52ee-ac92-a38c05199ae0,8938,distinct_variant,broad_fuzzy_audit,0.897,0.782
10f7e3cd-9de8-51c2-89ef-8211b17bacd4,106714,likely_same,broad_fuzzy_audit,0.947,0.817
11c4a4a3-3548-4f59-aec8-d016bf10edb8,36368,uncertain,previously_reviewed,,
1298d8f2-6800-5df9-9c83-ba52c84852ad,,uncertain,previously_reviewed,,
13cc20a8-38b3-54a0-822a-ca4a65a45901,77041,uncertain,broad_fuzzy_audit,0.909,0.71
142eb1ba-e046-57df-a1f6-6d40f8c9a153,43644,uncertain,previously_reviewed,,
144aa4ef-fef1-4b29-8bc2-025f4ac643fb,133551,uncertain,broad_fuzzy_audit,0.875,0.667
15409c57-0795-5451-808a-019508e4f719,29982,uncertain,broad_fuzzy_audit,0.968,0.312
17cefa53-5d38-5ac8-a302-65073f437813,87043,uncertain,broad_fuzzy_audit,0.957,0
19386b13-5cd4-55de-bff1-2bc657751ac1,11338,uncertain,broad_fuzzy_audit,0.963,0.323
194c781a-8392-55e9-986a-bda39386a1bc,25791,distinct_variant,broad_fuzzy_audit,0.909,0.8
19be0c65-81db-470d-8a16-582a5d437374,108118,uncertain,broad_fuzzy_audit,0.889,0.877
1b8d495b-2c83-5bcb-a01b-dc5b3174d79c,59131,uncertain,broad_fuzzy_audit,0.933,0.775
1c8693d0-afea-48bf-b5a5-19549c94a13a,23469,likely_same,broad_fuzzy_audit,0.917,0.75
1e44cd5a-e240-5eec-9c92-bc1b809a6e60,61203,uncertain,broad_fuzzy_audit,0.875,0.714
1e44cd5a-e240-5eec-9c92-bc1b809a6e60,70697,uncertain,broad_fuzzy_audit,0.875,0.714
1e71c640-d73e-4925-b133-20f90e7f961f,91459,uncertain,broad_fuzzy_audit,0.897,1.025
1e71c640-d73e-4925-b133-20f90e7f961f,93274,uncertain,broad_fuzzy_audit,0.97,1.025
20536a15-3520-5a75-ae0e-c66b2666b695,105507,distinct_variant,broad_fuzzy_audit,0.875,0.708
213b540f-8db8-545f-bb40-a3ee000e3882,69112,uncertain,broad_fuzzy_audit,0.923,0.667
22df54a4-2cab-4d5b-900f-ce0b4bcef542,117295,uncertain,previously_reviewed,,
23c1d7c0-67b1-471e-8f92-224ce425c1a4,72056,uncertain,broad_fuzzy_audit,0.9,0.714
23c1d7c0-67b1-471e-8f92-224ce425c1a4,81818,uncertain,broad_fuzzy_audit,0.9,0.714
263e060e-f452-5b15-b3ab-1942641bad27,48359,uncertain,broad_fuzzy_audit,0.966,0.7
264e79b6-6bb0-48d6-a1ad-25b5e022fed0,44658,uncertain,broad_fuzzy_audit,0.917,0.727
264e79b6-6bb0-48d6-a1ad-25b5e022fed0,48042,uncertain,broad_fuzzy_audit,0.957,0.7
27b857cd-e160-545e-b33f-503a6310bd7f,77796,uncertain,previously_reviewed,,
27bc5942-6ede-547e-be08-c2323c4023fd,102272,likely_same,broad_fuzzy_audit,0.944,1.017
287a79cd-1b48-5ddd-b560-7088e8f2b3ad,72893,uncertain,broad_fuzzy_audit,0.968,0.455
292ef16d-f4f1-457e-b37e-ea104389200e,38229,likely_same,broad_fuzzy_audit,0.968,0.96
2b333367-dee7-5413-a8a3-a4820f7de035,23442,uncertain,broad_fuzzy_audit,0.897,0.857
2e269e1b-a3f7-4bfc-aa68-dcd19ac18835,105214,likely_same,broad_fuzzy_audit,0.96,0.824
2e399367-82b4-4cba-be68-57dc5213a944,84702,uncertain,broad_fuzzy_audit,0.978,0.625
2fa07200-2046-5511-9576-d1cbc80f1f18,70022,likely_same,broad_fuzzy_audit,0.889,0.7
2fd51a92-b7f8-4b35-9d36-299dd8dc4776,114986,likely_same,broad_fuzzy_audit,0.984,0.8
31b6b7d8-524c-4d1a-ac74-53dafbc52de1,47330,likely_same,anchored_sample_20260922,,
31fa99b0-6d3b-5cef-9d7d-16bc1c158699,119409,uncertain,broad_fuzzy_audit,0.96,0.619
32f8238f-d9dd-50df-b7f6-8e754d648da2,27699,likely_same,broad_fuzzy_audit,0.97,0.817
3449b506-102a-5d6b-9d2f-cd3bbc0b32ae,102624,uncertain,broad_fuzzy_audit,0.963,0.75
348a77ae-0d08-539d-83da-6ddb1ddcd893,62627,uncertain,previously_reviewed,,
350d6b7e-1886-5872-b843-de71610e15ce,121138,uncertain,broad_fuzzy_audit,0.952,0.421
351650b8-ad02-4f1a-8478-70c654d4ce44,57352,uncertain,broad_fuzzy_audit,0.9,0.714
3563e038-fef7-5cac-bca2-8c47779d18bc,131002,likely_same,broad_fuzzy_audit,0.933,0.915
36095735-0e79-4cbc-9b69-5ef6c0bd608e,122339,likely_same,canada_boulder_audit_20260924,,
361a92d7-ef32-59c3-9962-2af036a00ebe,11850,uncertain,broad_fuzzy_audit,0.938,0.667
36f9bb55-5ca3-51b2-8c92-d04672e4ffd4,54546,uncertain,broad_fuzzy_audit,0.889,0.915
37e88a12-574f-4521-bf70-4da754bc335a,22175,uncertain,anchored_sample_20260919,,
39baafd1-e994-5919-8224-471023ee346f,135702,uncertain,broad_fuzzy_audit,0.968,0.324
3a19bb4a-ea46-5221-8158-e2364f0d7461,38237,uncertain,broad_fuzzy_audit,0.963,0.667
3aa96ae5-e5cb-47d9-86d0-0b6202e50f4c,18962,uncertain,broad_fuzzy_audit,0.974,0
3bb34db5-99e1-5e32-bd9b-b7c64dd64fc2,114928,likely_same,broad_fuzzy_audit,0.95,0.915
3c566fd5-80a1-5b1c-81d7-af1c7f7c3570,71181,uncertain,previously_reviewed,,
3d261c93-8361-5318-a205-cbc15c5a874d,116688,uncertain,broad_fuzzy_audit,0.909,0.667
3d286675-3767-5509-9fc3-b2f7747eb27d,12115,uncertain,broad_fuzzy_audit,0.933,0.714
3d4654d6-49a6-5a9d-8922-f82e6f3a823f,122711,likely_same,broad_fuzzy_audit,0.923,0.727
3daeedf4-eb8f-4393-a7a3-5d8e72c7fc0d,28585,likely_same,broad_fuzzy_audit,0.941,0.75
3eac3f3c-9598-51e8-b4f4-dc4c3fdb7f17,40861,uncertain,broad_fuzzy_audit,0.875,0.75
3f529cd6-4945-5f05-9064-03172be2c2fa,82429,uncertain,broad_fuzzy_audit,0.979,0.438
3fde5835-798d-5d00-ae36-dedd41ce500d,87840,uncertain,broad_fuzzy_audit,0.909,0.708
41175051-f5d9-5d37-9bd5-1bbb4de13954,39831,uncertain,broad_fuzzy_audit,0.952,0.286
429655a8-d46a-5369-aed9-1a7bef2645f9,95409,uncertain,broad_fuzzy_audit,0.973,0.452
42ff56fe-137e-450b-85a9-4f0cfaf351b2,129344,likely_same,canada_boulder_audit_20260924,,
4356b5a7-9d0f-4a01-a808-28254f62e1e8,1916,likely_same,anchored_sample_20260919,,
437e1c83-04c6-4a51-a7ba-f85b7b506e5f,65537,likely_same,broad_fuzzy_audit,0.957,0.75
4397429a-2cfe-59fd-8e2d-d8faae4ef8ff,34941,uncertain,broad_fuzzy_audit,0.933,0.667
4397429a-2cfe-59fd-8e2d-d8faae4ef8ff,68160,uncertain,broad_fuzzy_audit,0.933,0.667
4397429a-2cfe-59fd-8e2d-d8faae4ef8ff,95861,uncertain,broad_fuzzy_audit,0.875,0.667
43d12280-9352-4898-bc2f-98fd705e4aae,240,uncertain,broad_fuzzy_audit,0.968,0
4554c09b-d814-53c4-b6ee-16692210a8cc,34941,uncertain,broad_fuzzy_audit,0.933,0.667
4554c09b-d814-53c4-b6ee-16692210a8cc,68160,uncertain,broad_fuzzy_audit,0.933,0.667
4554c09b-d814-53c4-b6ee-16692210a8cc,95861,uncertain,broad_fuzzy_audit,0.875,0.667
455f61f4-694f-521a-be2b-95dd591ce3d4,65518,uncertain,broad_fuzzy_audit,0.923,0.667
465513d2-a8a9-5bb2-a492-83174b614065,111903,uncertain,broad_fuzzy_audit,0.97,0
47176088-da7e-5077-a4cd-c99b4467fc9b,139756,likely_same,broad_fuzzy_audit,0.96,0.782
4923119d-f13c-5dfb-8f06-9733951b9d91,104945,uncertain,previously_reviewed,,
4a842c64-3e4c-509f-9446-cf3fc4a8f3d9,140780,uncertain,anchored_sample_20260922,,
4c85afaf-8fdd-5473-be47-b916a237d534,,uncertain,previously_reviewed,,
4e09e851-d203-5120-b59d-fe5b25ddc0e5,43960,uncertain,broad_fuzzy_audit,0.875,0.947
4e93de3f-08b6-5dd8-90f0-f530a7edf354,9606,uncertain,broad_fuzzy_audit,0.989,0.333
4ed13e9f-2d83-5259-bebc-2b20a18955b5,37983,uncertain,broad_fuzzy_audit,0.963,0.692
513edadc-67a7-53e5-9862-5a43f71f9d41,80096,uncertain,broad_fuzzy_audit,0.875,0.714
51400459-bc38-5cfa-9b37-58bd02ef16d3,67289,likely_same,broad_fuzzy_audit,0.933,0.971
51bee81d-64c8-5f69-8b99-e19a36d2f9ed,131046,distinct_variant,broad_fuzzy_audit,0.889,0.692
52048d13-01e2-4184-997f-fe7e06ca80fa,35499,likely_same,broad_fuzzy_audit,0.9,0.75
523d4688-25bd-5981-b96a-c40c4efa1f53,57735,likely_same,broad_fuzzy_audit,0.957,0.889
5316418b-e85f-5b72-956c-56b1e1af0bbb,30787,uncertain,broad_fuzzy_audit,0.97,0.71
545781e9-f884-4607-be89-0e704a5f2cb9,19521,likely_same,canada_boulder_audit_20260924,,
5a3a3369-cffc-457f-8d61-a9e11826d67b,132327,uncertain,broad_fuzzy_audit,0.97,0.625
5a559792-976f-5981-bb56-dffb929ba36a,116988,likely_same,broad_fuzzy_audit,0.947,0.877
5a87ebd4-5db5-47ef-bcbf-06adc22c91b4,140828,uncertain,broad_fuzzy_audit,0.929,0.714
5bb35541-566d-54ad-8875-35c83df76cb0,123292,uncertain,broad_fuzzy_audit,0.966,0.286
5c14f13d-953b-5722-9522-618054758f0e,114573,uncertain,broad_fuzzy_audit,0.966,0.333
5c8fb1b1-6cf3-5565-9ae4-563a5023098d,1817,uncertain,previously_reviewed,,
5dadd2e4-ca4f-54b2-9409-ad12eab2d9fa,97254,distinct_variant,broad_fuzzy_audit,0.88,0.667
5db18532-b499-5fb1-8e71-ccad540bc4c9,80096,uncertain,broad_fuzzy_audit,0.933,0.714
5ddc3282-3243-5119-ae8c-d90b709e79a9,28653,uncertain,broad_fuzzy_audit,0.962,0.273
5e8d7b4b-643a-4713-97f0-05c7be243e3e,75332,likely_same,broad_fuzzy_audit,0.923,0.75
5f8aef9b-249e-53ae-bf5d-d79413dfcd1c,32061,uncertain,broad_fuzzy_audit,0.968,0.438
60488cf3-36ac-50a8-8f3f-06d707950baf,69899,uncertain,broad_fuzzy_audit,0.933,0.667
6131317c-7ff4-43dc-9529-af0111b9ab76,80033,likely_same,canada_boulder_audit_20260924,,
6190e30f-2f35-5125-bd5c-3482292f067a,3270,uncertain,broad_fuzzy_audit,0.957,0.667
6268914a-d3ca-51a1-bb27-7c4d880176ff,112225,uncertain,broad_fuzzy_audit,0.957,0.385
62d3479b-36d8-5c2d-8c4d-667f4aff966c,100652,uncertain,broad_fuzzy_audit,0.957,0.667
62d3479b-36d8-5c2d-8c4d-667f4aff966c,100926,uncertain,broad_fuzzy_audit,0.957,0.667
631c0094-701e-4aec-96e3-52d457fc3aaf,92882,likely_same,anchored_sample_20260922,,
63ef5a92-46b0-54b0-92a4-fd4f0aa11648,99794,distinct_variant,broad_fuzzy_audit,0.914,0.88
65461b1f-2cd0-5216-b426-c3ac0e080284,34941,uncertain,broad_fuzzy_audit,0.933,0.667
65461b1f-2cd0-5216-b426-c3ac0e080284,68160,uncertain,broad_fuzzy_audit,0.933,0.667
65461b1f-2cd0-5216-b426-c3ac0e080284,95861,uncertain,broad_fuzzy_audit,0.875,0.667
65db8ab7-49c5-4724-9e8b-8830fb116821,82085,uncertain,broad_fuzzy_audit,0.9,0.714
667598da-47aa-5fb2-9fa6-9a6fd1975236,44717,uncertain,broad_fuzzy_audit,0.957,0.235
66be888d-c78a-5dc1-a5cd-5d77895696b4,138730,likely_same,broad_fuzzy_audit,0.923,0.727
676c7f48-e34b-47ce-ac87-d327b8d74e17,31977,likely_same,broad_fuzzy_audit,0.929,0.75
678eedd1-8d41-46ab-986d-50add3e366a6,27366,uncertain,broad_fuzzy_audit,0.909,1.025
68b669b7-73ed-517b-8243-1979187bae18,121807,likely_same,broad_fuzzy_audit,0.973,0.727
68f5ed6b-fe8c-5d19-b5e9-250f27b7f6d6,44707,uncertain,broad_fuzzy_audit,0.966,0.421
6b2c0796-1bd7-508c-afdf-8de29921e72f,23705,likely_same,broad_fuzzy_audit,0.947,0.915
6bb62dbf-ea7e-5110-a737-e6242c1706d9,14689,uncertain,broad_fuzzy_audit,0.875,0.714
6bf4fdf3-f807-5992-8c21-4095b10f1391,120893,likely_same,broad_fuzzy_audit,0.957,0.842
6c53646f-6c14-5ef0-922e-5ab3cd77f5ac,73098,uncertain,broad_fuzzy_audit,0.968,0.667
6c8b02a2-b2ca-47e5-ba16-ee25734d1ca5,38730,likely_same,broad_fuzzy_audit,0.974,0.809
6d9fab43-4688-484c-b19f-22fd1b7cd5f7,52496,likely_same,broad_fuzzy_audit,0.957,0.969
6e47b5a9-db21-5e42-b37a-042bb7c54b96,32433,uncertain,broad_fuzzy_audit,0.97,0.667
70d28a12-47e4-5838-b2ba-eea03860ea69,19404,uncertain,broad_fuzzy_audit,0.933,0.714
70d28a12-47e4-5838-b2ba-eea03860ea69,71291,uncertain,broad_fuzzy_audit,0.941,0.714
70d28a12-47e4-5838-b2ba-eea03860ea69,80096,uncertain,broad_fuzzy_audit,0.933,0.714
710fe04b-3e52-4846-a89f-f40d2c869d18,32257,likely_same,broad_fuzzy_audit,0.96,0.75
7171bc08-8827-4156-b168-3dfcd790f646,136000,likely_same,broad_fuzzy_audit,0.941,0.834
71e8ca81-dcb0-4ce1-9b2a-38865cc8e447,15523,uncertain,broad_fuzzy_audit,0.933,1.15
720fa8ae-366a-5b73-9aff-b3538b05d24d,86939,uncertain,broad_fuzzy_audit,0.952,0.364
75658a06-9f27-5dac-8b6e-1123a29d0788,26086,likely_same,broad_fuzzy_audit,0.923,0.842
75758156-a6e9-5211-ae2f-a2caa832af3e,110309,likely_same,broad_fuzzy_audit,0.973,0.877
757a190b-e731-5a48-a779-d63d1b51f734,38572,uncertain,broad_fuzzy_audit,0.974,0
75e8a7be-bb39-509b-9891-3ae331372c03,99803,likely_same,broad_fuzzy_audit,0.917,0.782
7659f781-5830-59ef-86b5-d3f05fd4d206,30059,uncertain,previously_reviewed,,
76fa453b-aabc-59e0-8483-fbb88d34c998,69542,uncertain,broad_fuzzy_audit,0.957,0.273
7794acf3-2d32-55d2-baff-105a22b988e2,37278,uncertain,broad_fuzzy_audit,0.952,0.667
789678ef-6418-5d6f-9691-748e72fb569b,18448,uncertain,previously_reviewed,,
78cd0ff6-5686-4318-8ac1-4d9213df1d40,51009,likely_same,broad_fuzzy_audit,0.981,0.968
7abca81e-7316-53a5-9f6c-eaaf89169d01,9714,likely_same,broad_fuzzy_audit,0.97,0.917
7ada855c-b316-5dad-b28d-057ec3be7d80,114574,likely_same,broad_fuzzy_audit,0.971,0.877
7af01e9d-b543-52bf-a416-e67abf28af49,129271,uncertain,broad_fuzzy_audit,0.952,0.316
7b4ec606-745d-46ba-8b94-6d2fc65bcea9,64334,uncertain,broad_fuzzy_audit,0.897,0.692
7b5afc53-a930-53f2-8ca4-c8a7e225177f,50981,likely_same,broad_fuzzy_audit,0.96,0.769
7b5fc464-f6a6-4d0e-a611-c21ae5a440f0,46823,likely_same,canada_boulder_audit_20260924,,
7b6deb9b-4701-5d03-892b-42f45fa36e25,,uncertain,previously_reviewed,,
7b8416db-1dc2-42f6-814d-66d1971b5667,72056,uncertain,broad_fuzzy_audit,0.947,0.714
7b8416db-1dc2-42f6-814d-66d1971b5667,81818,uncertain,broad_fuzzy_audit,0.947,0.714
7b87f7ef-b773-4380-8b31-837072b991f7,124931,uncertain,previously_reviewed,,
7bd2e5bb-9690-4df3-97b7-4e6812edd6f7,65281,likely_same,broad_fuzzy_audit,0.96,0.75
7c890d77-0dea-4dfd-9235-c10bdfe419d3,25455,likely_same,broad_fuzzy_audit,0.973,0.857
7ca37619-e031-55d9-b9af-9c7f8a90bb8e,133563,uncertain,broad_fuzzy_audit,0.963,0.471
7df48729-dc60-4e9f-8360-3982c43f7ffe,75593,likely_same,broad_fuzzy_audit,0.917,0.75
81b0568b-c281-5252-8c32-db4484e46df7,33769,likely_same,broad_fuzzy_audit,0.917,0.743
81f909c4-c614-5298-8fcc-ede171b92bfb,77006,uncertain,broad_fuzzy_audit,0.9,0.7
82ea2684-f716-4524-bf9c-20e3f9771c68,41809,likely_same,broad_fuzzy_audit,0.944,0.75
83a07955-e10b-549f-9149-bbc81be88cac,,uncertain,previously_reviewed,,
8408b272-5b4d-5e85-9a7e-bbffcdda2a4a,55262,uncertain,broad_fuzzy_audit,0.96,0.167
84f31784-46e1-5c73-b8b9-4694a9b85328,,uncertain,previously_reviewed,,
85211a50-cb12-5c43-ac4f-23691b68ad0d,37427,uncertain,previously_reviewed,,
85731a25-c9c9-51f5-a77a-256fdd7adc7b,96889,likely_same,broad_fuzzy_audit,0.974,0.889
859166b5-4085-55ed-907e-7f5d4ff4a982,,uncertain,previously_reviewed,,
865754af-15a8-4c12-a50f-58eb6601023b,10354,uncertain,previously_reviewed,,
8727d6fe-ae0c-58f7-a55f-033c605ae5d1,46844,uncertain,broad_fuzzy_audit,0.963,0.667
879aa8ad-0dcd-505d-971b-23168b467d8c,74580,uncertain,broad_fuzzy_audit,0.909,0.714
88a562d6-f23c-5afa-b1be-6f6da58356d2,130824,uncertain,broad_fuzzy_audit,0.952,0.714
88a562d6-f23c-5afa-b1be-6f6da58356d2,47606,uncertain,broad_fuzzy_audit,0.9,0.714
89075aaf-7f18-507d-b349-eab581bc61dc,23622,uncertain,broad_fuzzy_audit,0.909,0.667
8a58a59f-79e8-4930-a6a3-818ac42f61e2,16194,uncertain,canada_boulder_audit_20260924,,
8aaa0de1-1e6d-4a06-992b-3a2025f4dd30,66024,likely_same,broad_fuzzy_audit,0.952,0.75
8c22bf8e-06fa-45fb-b051-022ba31c9249,83967,uncertain,broad_fuzzy_audit,0.97,0.538
8de4c488-33e0-41e8-9514-57bf493b9308,88171,uncertain,broad_fuzzy_audit,0.955,0.414
8ec3f643-23aa-4020-b143-c2e2af2fd4c6,85479,uncertain,broad_fuzzy_audit,0.938,0.75
8ed6f793-0f62-5b62-a7ec-662019307c1b,58294,uncertain,broad_fuzzy_audit,0.968,0.438
8fa06f06-08fa-562c-88cc-0f0094fdfc8d,39690,distinct_variant,broad_fuzzy_audit,0.919,0.782
91000e08-00ca-4001-9056-e9c61313df65,83845,likely_same,broad_fuzzy_audit,0.9,0.75
91f257cb-ff27-5a8c-9a3d-dbc24f83750d,67682,uncertain,previously_reviewed,,
930c58c5-afb3-54de-a81c-c86590569f86,43564,likely_same,broad_fuzzy_audit,0.947,0.877
94af362c-6d71-4e17-96de-46e5fc3a1f3b,65903,likely_same,broad_fuzzy_audit,0.947,1.15
9507cf9d-c7ef-52f2-b57b-49904463ea31,17492,distinct_variant,broad_fuzzy_audit,0.909,0.692
99324bd9-670d-5514-8123-2c544b8bf8ce,41646,uncertain,broad_fuzzy_audit,0.957,0.471
99634aa8-74e0-4765-9206-19d1bf84bf95,83222,uncertain,broad_fuzzy_audit,0.9,0.75
9a55a056-e7c3-4f0a-8e2b-99ee22e521d4,11044,likely_same,broad_fuzzy_audit,0.923,0.817
9bc80914-cc58-4bcd-8d59-47e2fb406619,80740,likely_same,broad_fuzzy_audit,0.938,0.75
9c2e9fa7-b200-56c5-9760-75bd5c85785f,38441,distinct_variant,broad_fuzzy_audit,0.889,0.667
9d79ec4e-02a4-545b-9807-dc658db44a7a,21220,likely_same,broad_fuzzy_audit,0.957,0.917
9dba2326-db4f-4ea0-aa8c-21e0d536d2e4,35656,uncertain,broad_fuzzy_audit,0.968,0.333
9f2dbe76-2b06-4bde-8750-77e4d1a6c79d,93118,likely_same,canada_boulder_audit_20260924,,
a00d1b2f-2e03-5e4c-8d21-74bb16aeecc6,97233,uncertain,broad_fuzzy_audit,0.957,0.471
a0420ab2-2942-4223-b110-222633f605b8,7767,likely_same,broad_fuzzy_audit,0.93,1.025
a2951617-26f1-59ea-96cb-ddf90bd42518,69296,uncertain,broad_fuzzy_audit,0.957,0
a6221779-6bed-550a-a048-fa187e239acb,100078,uncertain,broad_fuzzy_audit,0.957,0.516
a66d9e1c-a286-557e-b51e-ca2eb1511fa2,98401,uncertain,broad_fuzzy_audit,0.897,0.8
a6d7d8db-12ef-4669-9dcc-2432fd4b0a98,40871,likely_same,anchored_sample_20260919,,
a7411abb-6e8f-47e4-989d-1e6a8dcd775e,97381,uncertain,previously_reviewed,,
a78ee8ca-3774-5d64-8f41-4bfc6293db66,105259,uncertain,broad_fuzzy_audit,0.944,0.708
a8c4bd78-8c2d-58a8-974b-988a5494c72f,92167,uncertain,broad_fuzzy_audit,0.957,0.286
ab6c5421-de60-5144-8a36-5c329f3162e5,98264,distinct_variant,broad_fuzzy_audit,0.897,0.877
ab785122-3fd5-51a4-b4bb-2ee112fdee6b,137347,uncertain,broad_fuzzy_audit,0.88,0.765
ace6940b-819e-430e-98d9-18cb614bfcf6,33241,uncertain,broad_fuzzy_audit,0.963,0
ad99024d-cbbb-4340-9c78-5d0ad662afef,129631,likely_same,broad_fuzzy_audit,0.923,0.75
ae947896-3559-5e36-a8ab-b7f80c20fb03,19404,uncertain,broad_fuzzy_audit,0.933,0.714
ae947896-3559-5e36-a8ab-b7f80c20fb03,80096,uncertain,broad_fuzzy_audit,0.933,0.714
af3842c0-8eca-58f6-96c8-3c9d3a201ad1,762,uncertain,broad_fuzzy_audit,0.929,0.7
af6f40b8-510a-4aa2-8a1d-8449c1b05a61,7394,uncertain,broad_fuzzy_audit,0.875,0.75
b0641aed-cc9c-4bd0-b6f2-a4fb0c24681c,27048,likely_same,broad_fuzzy_audit,0.909,1.025
b16fdbb5-c985-4401-9830-ff47dea1b55b,32331,likely_same,broad_fuzzy_audit,0.909,0.75
b205195b-98dc-4795-adad-b45246970194,3425,uncertain,previously_reviewed,,
b412ae65-1c60-5058-a888-fa4f9db98e2c,121275,likely_same,broad_fuzzy_audit,0.963,0.727
b47b657c-b4d5-532d-801d-e0e4f744dccc,23874,uncertain,broad_fuzzy_audit,0.941,0.714
b47b657c-b4d5-532d-801d-e0e4f744dccc,80096,uncertain,broad_fuzzy_audit,0.933,0.714
b4f81a12-7569-471c-b16f-92f14cec0c15,12510,uncertain,previously_reviewed,,
b6538e13-373c-4799-b8a6-079a45373013,19044,uncertain,broad_fuzzy_audit,0.952,0
b9fbcc56-f345-5eaa-8366-5b5c24f1e591,131739,likely_same,anchored_sample_20260921,,
bd370b7b-f39c-4f8e-998d-ea6c81fe287f,21306,distinct_variant,broad_fuzzy_audit,0.923,1.15
be5f6250-5af2-5595-94d5-96fdcf5dc8ba,128311,uncertain,broad_fuzzy_audit,0.947,0.706
bf03c2a2-b3c9-4ec8-a5e0-4a1524c78ded,31146,likely_same,broad_fuzzy_audit,0.917,0.75
c03629fa-8fe2-5d48-a6ef-53745220d684,61203,uncertain,broad_fuzzy_audit,0.933,0.714
c03629fa-8fe2-5d48-a6ef-53745220d684,70697,uncertain,broad_fuzzy_audit,0.933,0.714
c0550aea-0f8a-5ddf-9b58-177b0a78f98d,28114,uncertain,broad_fuzzy_audit,0.947,0.667
c1eb4d18-1666-4cd8-a4cf-e1b865e74bf2,122173,uncertain,broad_fuzzy_audit,0.974,0.625
c203906b-aa3b-5ddf-8a62-3e96409e4928,82990,uncertain,broad_fuzzy_audit,0.96,0.24
c2acff45-e7c9-5b0b-9f8b-1df002a518cf,74684,uncertain,broad_fuzzy_audit,0.923,0.9
c363a7da-2d5e-4b46-ae66-89cf52f9fccc,25341,likely_same,broad_fuzzy_audit,0.917,0.969
c36f931d-3315-408e-9bd4-ac2d5847d346,124117,likely_same,broad_fuzzy_audit,0.927,0.969
c38d86b3-0edc-4a93-9bf0-09ca4e3f2ad2,5232,uncertain,anchored_sample_20260921,,
c4bf2161-fb94-5a1b-a3e9-a9bbbe654f2e,25985,uncertain,previously_reviewed,,
c4c64fb0-5407-4d18-b7e9-090d469b0a30,1523,likely_same,canada_boulder_audit_20260924,,
c656cca2-26af-5ab7-a285-6b88fe75e554,19644,uncertain,previously_reviewed,,
c6c92d17-8d1f-5bae-9bfe-f87c35ec243b,13217,uncertain,broad_fuzzy_audit,0.985,0.3
c7c9cf4a-97b0-470b-a4c5-3a9520bbb5af,83023,uncertain,previously_reviewed,,
c7fa55ac-bf37-5c4a-8420-2e59cb19cfd3,95031,likely_same,broad_fuzzy_audit,0.979,0.769
c83f5be3-d24e-513b-9b1d-deb7276bc4f3,80096,uncertain,broad_fuzzy_audit,0.933,0.714
cab8c41e-ff55-5323-9b10-cc39837a4993,37611,uncertain,broad_fuzzy_audit,0.96,0.692
cab98f05-a2e0-5d0b-bf53-b9be3f86f13f,15958,uncertain,broad_fuzzy_audit,0.909,0.7
cb17bfd7-a31a-5342-b40b-9d36c7f5763b,35541,uncertain,broad_fuzzy_audit,0.966,0
cbbe9388-0baa-403f-b9a1-55cefe2088bf,28505,likely_same,broad_fuzzy_audit,0.923,0.75
cbfbfbb6-1abe-58ce-a6c5-2fb1ec95429e,34032,likely_same,broad_fuzzy_audit,0.923,0.727
cc1950ab-9ac4-5328-9ddb-4060b2f928ef,89116,uncertain,previously_reviewed,,
cc827f32-e2c3-4870-8a3f-9bb551cb7c81,19495,uncertain,broad_fuzzy_audit,0.974,0.625
cd497487-581b-5885-a1d6-eb55a701159f,21901,uncertain,broad_fuzzy_audit,0.963,0.385
cd84246a-8bb9-5834-87de-54102cc77b50,59131,uncertain,broad_fuzzy_audit,0.933,0.775
ce279246-c8d0-58b4-a688-c5671b982efb,,uncertain,previously_reviewed,,
cf028a57-5f44-4ed4-aac7-e1166b98d67c,107312,uncertain,anchored_sample_20260922,,
cf4c02f1-6a8b-5775-b44c-9404c78c3bfd,61859,uncertain,broad_fuzzy_audit,0.95,0.333
cfcc490b-d463-4675-86a3-dcdea02ce09f,94006,uncertain,broad_fuzzy_audit,0.981,0.64
d27f71a4-7b2d-593b-89c1-eaff84f0bf76,68139,uncertain,broad_fuzzy_audit,0.875,0.714
d355c541-1cff-4776-8a6d-41b19256bc5c,16385,uncertain,broad_fuzzy_audit,0.952,0.625
d3f2ded7-790c-5503-9b40-0eaa027cfc79,41614,uncertain,broad_fuzzy_audit,0.963,0.7
d41de485-f341-4e3d-8945-d2856a35c721,94995,likely_same,canada_boulder_audit_20260924,,
d4ec052e-f638-4388-b287-b90e2eaa21e2,100007,likely_same,canada_boulder_audit_20260924,,
d76b086d-0556-42c6-afc2-21ab9795a61b,368,likely_same,canada_boulder_audit_20260924,,
d77963bf-13d6-56f1-96f4-91da9062be1f,49186,likely_same,broad_fuzzy_audit,0.973,0.775
d7a65371-8396-54f5-9690-6b8f0290a470,,uncertain,previously_reviewed,,
d8ea6ecd-3c2c-4239-830d-742c5c779737,141043,uncertain,broad_fuzzy_audit,0.952,0.25
d9147957-bc98-4399-8123-1a0de702406a,21877,likely_same,broad_fuzzy_audit,0.947,0.75
d943e893-2334-5deb-a4e4-5986d33087cd,42828,uncertain,broad_fuzzy_audit,0.872,0.88
d980adab-e865-5cbd-aa3a-b7a1e4cb242b,26473,uncertain,broad_fuzzy_audit,0.909,0.667
da4e17ef-3a3f-59ab-a354-b1ee1bf87ac4,34323,uncertain,previously_reviewed,,
da69f453-6441-5742-839e-2f15fb5c92ac,89391,uncertain,broad_fuzzy_audit,0.96,0.383
da9442e5-769f-56a5-8701-029e1e7ecb0c,54968,uncertain,broad_fuzzy_audit,0.875,0.759
db119ed1-07be-50b0-84e4-194edd5ac582,7165,uncertain,broad_fuzzy_audit,0.968,0.438
db60503d-35a2-51d5-bd3f-608686ccd48c,82631,likely_same,broad_fuzzy_audit,0.93,0.743
db78799c-e5f4-52f1-a064-a66a831423fb,19404,uncertain,broad_fuzzy_audit,0.875,0.714
db78799c-e5f4-52f1-a064-a66a831423fb,80096,uncertain,broad_fuzzy_audit,0.875,0.714
dbeebac5-4c90-57d9-83d3-6888e2fd84ec,22680,uncertain,broad_fuzzy_audit,0.952,0
dc1f150a-6713-43cb-b875-8e3a82c38e60,60513,uncertain,previously_reviewed,,
dc893e26-abb3-56ec-a2c3-ea2dadea8b08,66495,uncertain,broad_fuzzy_audit,0.941,0.714
dd3c48bc-b8dc-5e16-9fa5-11927782b64d,60390,likely_same,broad_fuzzy_audit,0.952,0.743
ddcf9a1e-2755-4d85-84b2-c80bb77b6e97,1829,uncertain,broad_fuzzy_audit,0.963,0.714
de070627-8c41-47b8-a1d9-f364004cac58,21404,likely_same,canada_boulder_audit_20260924,,
de46eb51-6c31-5dfd-ab06-152c298c7456,102624,uncertain,broad_fuzzy_audit,0.963,0.75
df5089f2-750d-4e69-ad54-5454167b1744,78889,likely_same,broad_fuzzy_audit,0.929,0.75
df644757-d30e-59dc-a6b5-910f1b8596bf,57639,uncertain,broad_fuzzy_audit,0.971,0.552
df970b4b-4dc2-51ac-bb35-54cbc08565ff,56263,uncertain,previously_reviewed,,
e121242c-ddb4-5a7b-984b-78429ee9a40c,9290,uncertain,broad_fuzzy_audit,0.971,0
e203d955-1d5b-4476-99a6-765a91c81787,72203,likely_same,broad_fuzzy_audit,0.96,1.15
e4752d75-e015-4e3f-b691-d85836abc7e4,7996,likely_same,broad_fuzzy_audit,0.957,0.75
e4f15a90-35d7-5107-a048-9d244b06ab9a,124262,uncertain,broad_fuzzy_audit,0.963,0.24
e5a07feb-ee36-4c4e-8c9b-2648111f1e6d,33806,likely_same,broad_fuzzy_audit,0.909,0.75
e6af15a0-6e9b-4c2c-9407-a71ba2877691,26695,uncertain,canada_boulder_audit_20260924,,
e7288935-2284-577d-8235-1ceb50099639,87555,uncertain,broad_fuzzy_audit,0.933,0.889
e75a75e9-9518-5b84-8563-09cceeacc8d9,25574,uncertain,broad_fuzzy_audit,0.923,0.667
e7c70b5a-3b46-537d-bf69-5ffaf6325633,10941,distinct_variant,broad_fuzzy_audit,0.909,0.759
e7c70b5a-3b46-537d-bf69-5ffaf6325633,19262,distinct_variant,broad_fuzzy_audit,0.895,0.759
e8ceaca8-820b-4cb5-b870-3d3a74669964,4493,likely_same,broad_fuzzy_audit,0.957,1.025
e9363707-82a0-4216-bbdf-e49e640b137f,53004,likely_same,broad_fuzzy_audit,0.955,0.969
e9d2e760-96ab-59cb-bdf4-486874ba6fad,88639,likely_same,broad_fuzzy_audit,0.903,0.782
ea6aaf2f-a5f3-5b11-9ec0-dde4a9db17c6,65183,uncertain,broad_fuzzy_audit,0.897,0.667
eb4306a2-07e7-4f80-ac95-e029f969eba7,30015,likely_same,canada_boulder_audit_20260924,,
ecbd928f-820d-5cc8-b377-fafb7020f098,11308,likely_same,broad_fuzzy_audit,0.9,0.889
ed0fd728-72bb-5696-bfc7-b6f5ec1d7793,21957,likely_same,broad_fuzzy_audit,0.966,0.727
ed4f6a56-532d-5df5-b33b-18378b3f6746,120888,likely_same,broad_fuzzy_audit,0.923,0.727
eeb2cb71-e828-52f5-902f-c83caa6b2717,83986,uncertain,broad_fuzzy_audit,0.96,0.435
eebe814f-4735-5a95-be63-688c76c683f1,119580,uncertain,previously_reviewed,,
eee3e385-0c68-5d5a-9ab5-07f5423f1033,14541,uncertain,broad_fuzzy_audit,0.933,0.708
eee3e385-0c68-5d5a-9ab5-07f5423f1033,19653,uncertain,broad_fuzzy_audit,0.938,0.708
ef4d1685-51e0-5580-8819-ef1fd332da26,108661,likely_same,broad_fuzzy_audit,0.957,0.889
ef69db06-ef12-5b2c-b8ba-1ac3474d4dea,62549,uncertain,broad_fuzzy_audit,0.977,0.692
ef765d90-487a-4c18-a201-9970600d2782,75876,uncertain,broad_fuzzy_audit,0.889,1.025
efb5e8af-d4f9-5c18-b9e9-b652ff795057,80096,uncertain,broad_fuzzy_audit,0.933,0.714
f261ce5d-4951-5201-b8d3-4c5d77580e62,11158,uncertain,broad_fuzzy_audit,0.957,0.174
f46579ca-9172-46dc-9d45-1d1debed6f1f,21135,likely_same,broad_fuzzy_audit,0.941,0.857
f4e03c22-d39e-5693-a2d2-585f327db7ed,77083,uncertain,broad_fuzzy_audit,0.968,0
f632b2e7-5b45-5fa6-8736-d888e4f70e3e,125534,uncertain,broad_fuzzy_audit,0.979,0.438
f7b65120-11d2-53e0-9e5e-eb1f8072e4e4,80096,uncertain,broad_fuzzy_audit,0.933,0.714
f7fe9f4d-3212-4136-9011-07c28eda2876,14935,uncertain,previously_reviewed,,
f8c8834d-f187-4666-9d78-7422f1a66f2c,12516,likely_same,anchored_sample_20260919,,
f8fe992d-2169-5fc5-9a94-9c6f6721b517,67484,uncertain,broad_fuzzy_audit,0.968,0
f900412a-2069-4a89-8ec8-5f9ac33badfa,82349,uncertain,previously_reviewed,,
f9581f04-c98b-48c4-91df-ac060155613b,33730,likely_same,broad_fuzzy_audit,0.957,0.75
fa081ef5-4dc4-5122-9a79-b15172f33df2,61203,uncertain,broad_fuzzy_audit,0.875,0.714
fa081ef5-4dc4-5122-9a79-b15172f33df2,70697,uncertain,broad_fuzzy_audit,0.875,0.714
fa0a7abd-5337-55d4-972b-f8298ec9ebf4,138633,likely_same,broad_fuzzy_audit,0.945,0.889
fa67c2ef-ba05-5d11-aa2f-9d0de6e1a7cd,110657,uncertain,broad_fuzzy_audit,0.971,0
fab29ad5-f9e6-574e-9879-3d642caf7444,40663,uncertain,broad_fuzzy_audit,0.933,0.667
fb29af71-42a8-50c9-8485-17dede2cde40,109567,likely_same,broad_fuzzy_audit,0.966,0.88
fb588dc3-4b76-5d89-af8f-bf9841e25f28,36532,uncertain,broad_fuzzy_audit,0.952,0.438
fc14508e-f43c-46f8-bf05-5e407a0cf0aa,111663,likely_same,broad_fuzzy_audit,0.952,0.8
fcb680ac-eeba-5a2f-92df-9b2e6e75706a,78906,uncertain,broad_fuzzy_audit,0.973,0.308
fd28153d-cd39-4ebf-98e4-29d4b36abe88,82085,uncertain,broad_fuzzy_audit,0.947,0.714
fd748915-ccb0-5d4e-9ed8-b749a7c7242d,10950,distinct_variant,broad_fuzzy_audit,0.88,0.667
